Employer Name,Employer Industry,Website,Division,Created By Name,Created By Email,Employment Types,Jobs on Handshake,Job Titles,Majors,Major Groups,Combined Majors,Job Types,School Years,US work authorization required?,Accepts OPT/CPT candidates?,Willing to sponsor candidate?,Oct 22 interviews,Oct 23 interviews
Ackerman-Estvold,Civil Engineering,https://www.ackerman-estvold.com/,Architecture/Engineering,Rachel Nannenga,info@ackerman-estvold.com,Full-Time,,"Civil Engineering- Intern, Landscape Designer, Surveying Tech, ",,"Civil/Environmental Engineering, Construction Engineering, General Engineering","Civil Engineering, Civil Engineering BS, Civil Engineering, MEngr, Civil Engineering, MS, Computer Engineering, MEngr, Computer Engineering, MS, Construction Management, Construction Mgmt BS, Electrical & Computer Engr MS, Electrical&Computer Engr, PhD, Electrical & Computer MEngr, Electrical Engineering, Electrical Engineering BS, Electrical Engineering, MEngr, Electrical Engineering, MS, Engineering, Engineering Bs, Engineering Undeclared, Materials Science & Engr BS, Materials Science & Engr, MS, Materials Science & Engr, PhD, Materials Sci & Engr, MEngr, Mechanical Engineering, Mechanical Engineering BS, Mechanical Engineering, MEngr, Mechanical Engineering, MS, Pre-Engineering, Pre-Mechanical Engineering","Job, Internship","Freshman, Sophomore, Junior, Senior, Masters",TRUE,TRUE,TRUE,0,0
"Advanced Engineering and Environmental Services, LLC (AE2S)",Civil Engineering,http://www.ae2s.com,,Kaylee Sanden,kaylee.sanden@ae2s.com,"Full-Time, Part-Time",,None,,,,"Job, Internship","Sophomore, Junior, Senior, Masters",TRUE,FALSE,FALSE,0,0
AKS Engineering & Forestry LLC,Civil Engineering,http://www.aks-eng.com,AKS,David Camacho,david.camacho@aks-eng.com,Full-Time,,None,,"Civil/Environmental Engineering, Construction Engineering, Electrical Engineering, Mechanical Engineering","Civil Engineering, Civil Engineering BS, Civil Engineering, MEngr, Civil Engineering, MS, Construction Management, Construction Mgmt BS, Electrical & Computer Engr MS, Electrical&Computer Engr, PhD, Electrical & Computer MEngr, Electrical Engineering, Electrical Engineering BS, Electrical Engineering, MEngr, Electrical Engineering, MS, Mechanical Engineering, Mechanical Engineering BS, Mechanical Engineering, MEngr, Mechanical Engineering, MS, Pre-Mechanical Engineering","Job, Internship","Freshman, Sophomore, Junior, Senior, Masters",FALSE,FALSE,FALSE,0,0
Allwest Testing & Engineering,Engineering & Construction,http://www.allwesttesting.com,,Aurora Brenner,abrenner@allwesttesting.com,"Full-Time, Part-Time",,"Geotechnical Engineer, Summer Intern 2027,  Engineering Technician",,Civil/Environmental Engineering,"Civil Engineering, Civil Engineering BS, Civil Engineering, MEngr, Civil Engineering, MS","Job, Internship",,TRUE,TRUE,FALSE,0,0
"Apex Companies, LLC",Environmental Services,https://www.apexcos.com,"Forsgren, an Apex Company",Greg Walker,greg.walker@apexcos.com,"Full-Time, Part-Time",,"CAD Designer, Civil Engineer in Training, Civil Project Engineer, Construction Engineer, Water/Wastewater Project Engineer, Structural Engineer, Transportation Engineer, etc.",,"Civil/Environmental Engineering, Construction Engineering","Civil Engineering, Civil Engineering BS, Civil Engineering, MEngr, Civil Engineering, MS, Construction Management, Construction Mgmt BS","Job, Internship","Sophomore, Junior, Senior, Masters",TRUE,TRUE,FALSE,0,0
Applied Materials,Electronic & Computer Hardware,https://www.appliedmaterials.com/,University Relations,Nayna Kaushek,university_relations@amat.com,Full-Time,,Engineering Interns,,"Computer Engineering, Electrical Engineering, General Engineering, Materials Science & Engineering, Mechanical Engineering","Civil Engineering BS, Civil Engineering, MEngr, Civil Engineering, MS, Computer Engineering, MEngr, Computer Engineering, MS, Computer Systems Engr BS, Electrical & Computer Engr MS, Electrical&Computer Engr, PhD, Electrical & Computer MEngr, Electrical Engineering, Electrical Engineering BS, Electrical Engineering, MEngr, Electrical Engineering, MS, Engineering, Engineering Bs, Engineering Undeclared, Materials Science & Engr, Materials Science & Engr BS, Materials Science & Engr, MS, Materials Science & Engr, PhD, Materials Sci & Engr, MEngr, Mechanical Engineering, Mechanical Engineering BS, Mechanical Engineering, MEngr, Mechanical Engineering, MS, Pre-Engineering, Pre-Mechanical Engineering","Internship, Job","Junior, Senior, Masters",TRUE,TRUE,TRUE,2,0
Ardurra,Civil Engineering,https://ardurra.com/,,Emily Skidmore,esanborn@ardurra.com,"Full-Time, Part-Time",,None,,,,"Job, Internship","Freshman, Sophomore, Junior, Senior, Masters",TRUE,TRUE,TRUE,0,0
Army Corps of Engineers,"Government - Local, State & Federal",http://www.nwd.usace.army.mil/Careers/HIP,Hydropower Intern Program,Alexander Reische,alexander.t.reische@usace.army.mil,"Full-Time, Part-Time",,Hydropower Intern,,"Electrical Engineering, Mechanical Engineering","Electrical & Computer Engr MS, Electrical&Computer Engr, PhD, Electrical & Computer MEngr, Electrical Engineering, Electrical Engineering BS, Electrical Engineering, MEngr, Electrical Engineering, MS, Mechanical Engineering, Mechanical Engineering BS, Mechanical Engineering, MEngr, Mechanical Engineering, MS, Pre-Mechanical Engineering","Job, Internship","Sophomore, Junior, Senior",TRUE,FALSE,FALSE,0,0
ATS Inland NW,Engineering & Construction,http://www.atsinlandnw.com,,Erin Sato,erinm@atsinlandnw.com,Full-Time,,None,,"Computer Engineering, Construction Engineering, Electrical Engineering, Mechanical Engineering","Computer Engineering, MEngr, Computer Engineering, MS, Computer Systems Engr BS, Construction Management, Construction Mgmt BS, Electrical & Computer Engr MS, Electrical&Computer Engr, PhD, Electrical & Computer MEngr, Electrical Engineering, Electrical Engineering BS, Electrical Engineering, MEngr, Electrical Engineering, MS, Mechanical Engineering, Mechanical Engineering BS, Mechanical Engineering, MEngr, Mechanical Engineering, MS, Pre-Mechanical Engineering","Job, Internship",,FALSE,FALSE,FALSE,0,0
Border States,Wholesale Trade,https://borderstates.com/careers,,Lane Gray,lgray@borderstates.com,Full-Time,,"Engineering Intern, Alliance Application Engineer",,,,"Job, Internship","Freshman, Sophomore, Junior, Senior, First Year Community / Technical College, Second Year Community / Technical College, Alumni",FALSE,FALSE,FALSE,0,0
Brown and Caldwell,Environmental Services,http://www.brownandcaldwell.com,,Dorothea Hopkins,dhopkins@brwncald.com,Full-Time,,2027 Summer Internships,,"Civil/Environmental Engineering, Construction Engineering, Electrical Engineering, General Engineering, Mechanical Engineering","Civil Engineering, Civil Engineering BS, Civil Engineering, MEngr, Civil Engineering, MS, Computer Engineering, MEngr, Computer Engineering, MS, Construction Management, Construction Mgmt BS, Electrical & Computer Engr MS, Electrical&Computer Engr, PhD, Electrical & Computer MEngr, Electrical Engineering, Electrical Engineering BS, Electrical Engineering, MEngr, Electrical Engineering, MS, Engineering, Engineering Bs, Engineering Undeclared, Materials Science & Engr BS, Materials Science & Engr, MS, Materials Science & Engr, PhD, Materials Sci & Engr, MEngr, Mechanical Engineering, Mechanical Engineering BS, Mechanical Engineering, MEngr, Mechanical Engineering, MS, Pre-Engineering, Pre-Mechanical Engineering",Internship,"Junior, Senior, Masters",TRUE,TRUE,TRUE,0,0
C3 Civil Engineering,Civil Engineering,https://www.c3civileng.com/,,Karin Aiello,karin@c3civileng.com,"Full-Time, Part-Time",,None,,,,"Job, Internship","Junior, Senior",TRUE,FALSE,FALSE,0,0
Chief Architect Software,Internet & Software,https://www.chiefarchitect.com/,,Jenna Sorenson,jenna@chiefarchitect.com,Full-Time,,None,,,,"Job, Internship",,TRUE,FALSE,FALSE,0,1
City of Boise,"Government - Local, State & Federal",http://www.cityofboise.org,City of Boise,City of Boise Talent Acquisition,hiring@cityofboise.org,Full-Time,,None,,,,"Job, Internship",,TRUE,TRUE,FALSE,0,0
Clark Pacific,Civil Engineering,http://www.clarkpacific.com,,Kaitlyn Minnehan,kminnehan@clarkpacific.com,"Full-Time, Part-Time",Project Engineer (0-2 years' experience),Project Engineer (0-2 years' experience),,"Civil/Environmental Engineering, Mechanical Engineering","Civil Engineering, Civil Engineering BS, Civil Engineering, MEngr, Civil Engineering, MS, Mechanical Engineering, Mechanical Engineering BS, Mechanical Engineering, MEngr, Mechanical Engineering, MS, Pre-Mechanical Engineering","Job, Internship","Junior, Senior",TRUE,FALSE,FALSE,0,0
"Clenera, LLC",Utilities and Renewable Energy,http://Clenera.com,,Natasha Shulikov,natasha.shulikov@clenera.com,Full-Time,,None,,"Civil/Environmental Engineering, Construction Engineering, Data Science, Electrical Engineering, General Engineering, Information Systems Management, Materials Science & Engineering, Mechanical Engineering","Artificial Intelligence Sci BS, Civil Engineering, Civil Engineering BS, Civil Engineering, MEngr, Civil Engineering, MS, Computer Engineering, MEngr, Computer Engineering, MS, Construction Management, Construction Mgmt BS, Data Science MS, Electrical & Computer Engr MS, Electrical&Computer Engr, PhD, Electrical & Computer MEngr, Electrical Engineering, Electrical Engineering BS, Electrical Engineering, MEngr, Electrical Engineering, MS, Engineering, Engineering Bs, Engineering Undeclared, Information Tech Mgmt BBA, Information Technology Mgmt BS, Materials Science & Engr, Materials Science & Engr BS, Materials Science & Engr, MS, Materials Science & Engr, PhD, Materials Sci & Engr, MEngr, Mechanical Engineering, Mechanical Engineering BS, Mechanical Engineering, MEngr, Mechanical Engineering, MS, Pre-Engineering, Pre-Mechanical Engineering","Job, Internship","Junior, Senior, Masters, Masters of Business Administration",TRUE,FALSE,FALSE,0,0
Copper Roots,Civil Engineering,https://www.linkedin.com/company/copper-roots-inc/,,Trevor Fabian,trevorfabian@curoots.com,Full-Time,,Transmission Line Engineer,,"Civil/Environmental Engineering, Electrical Engineering, Mechanical Engineering","Civil Engineering, Civil Engineering BS, Civil Engineering, MEngr, Civil Engineering, MS, Electrical & Computer Engr MS, Electrical&Computer Engr, PhD, Electrical & Computer MEngr, Electrical Engineering, Electrical Engineering BS, Electrical Engineering, MEngr, Electrical Engineering, MS, Mechanical Engineering, Mechanical Engineering BS, Mechanical Engineering, MEngr, Mechanical Engineering, MS, Pre-Mechanical Engineering",Job,"Junior, Senior, Masters, Alumni",TRUE,FALSE,FALSE,0,1
"CSHQA, Inc.",Architecture and Planning,http://www.cshqa.com,,Ruthie Heikkila,hr@cshqa.com,"Full-Time, Part-Time",,None,,"Civil/Environmental Engineering, Electrical Engineering, Mechanical Engineering","Civil Engineering, Civil Engineering BS, Civil Engineering, MEngr, Civil Engineering, MS, Electrical & Computer Engr MS, Electrical&Computer Engr, PhD, Electrical & Computer MEngr, Electrical Engineering, Electrical Engineering BS, Electrical Engineering, MEngr, Electrical Engineering, MS, Mechanical Engineering, Mechanical Engineering BS, Mechanical Engineering, MEngr, Mechanical Engineering, MS, Pre-Mechanical Engineering","Job, Internship","Junior, Senior, Alumni",TRUE,FALSE,FALSE,0,0
Curtiss-Wright,Defense,http://curtisswright.com,,Nate Satterthwaite,nsatterthwaite@curtisswright.com,Full-Time,,"Computer Science, Computer Engr, Systems Engr, Software Dev Engr, EE, and Internships!",,"Chemistry, Computer Engineering, Computer Programming, Computer Science, Computer Systems Networking & Telecommunications, Electrical Engineering, General Engineering, Information Systems Management, Materials Science & Engineering, Mathematics, Mechanical Engineering, Physics, Software Design","Applied Mathematics BS, Artificial Intelligence Sci BS, Bachelor of Applied Science, Bach of Applied Science-Online, Chemistry BS, Chemistry, MS, Chemistry, Secondary Education, Civil Engineering BS, Civil Engineering, MEngr, Civil Engineering, MS, Computer Engineering, MEngr, Computer Engineering, MS, Computer Science BS, Computer Science, MS, Computer Systems Engr BS, Computing PhD, Education, Mathematics MA, Electrical & Computer Engr MS, Electrical&Computer Engr, PhD, Electrical & Computer MEngr, Electrical Engineering, Electrical Engineering BS, Electrical Engineering, MEngr, Electrical Engineering, MS, Engineering, Engineering Bs, Engineering Undeclared, Geophysics BS, Geophysics, MS, Geophysics, PhD, Information Tech Mgmt BBA, Information Technology Mgmt BS, Materials Science & Engr, Materials Science & Engr BS, Materials Science & Engr, MS, Materials Science & Engr, PhD, Materials Sci & Engr, MEngr, Mathematics, Mathematics BA, Mathematics BS, Mathematics Education, MS, Mathematics, MS, Mathematics, Secondary Ed BA, Mathematics, Secondary Educ BS, Mechanical Engineering, Mechanical Engineering BS, Mechanical Engineering, MEngr, Mechanical Engineering, MS, Middle School Math Teaching En, Physics BS, Physics, Secondary Education, Pre-Bachelor of Applied Scienc, Pre-Bach of Applied Sci-Online, Pre-Engineering, Pre-Mechanical Engineering, Sciences & Math-Undeclared, Sec Education, Chemistry","Job, Internship","Junior, Senior, Masters",TRUE,FALSE,FALSE,0,0
Cushing Terrell,Architecture and Planning,https://www.cushingterrell.com/,,Shannon Casgar-Nelson,shannonnelson@cushingterrell.com,Full-Time,,"Interns and EIT- civil, structural, mechanical, electrical",,,,Internship,"Junior, Senior, Masters",TRUE,FALSE,FALSE,0,0
"David Evans and Associates, Inc.",Civil Engineering,https://www.deainc.com/,,Thomas Mai,thomas.mai@deainc.com,,,None,,,,,,TRUE,TRUE,TRUE,0,0
DC Engineering PC,Engineering & Construction,http://www.dcengineering.net,,Heather Mayer,hmayer@dcengineering.net,Full-Time,,None,,"Biomedical Engineering, Civil/Environmental Engineering, Computer Engineering, Construction Engineering, Electrical Engineering, General Engineering, Materials Science & Engineering, Mechanical Engineering","Biomedical Engineering, Civil Engineering, Civil Engineering BS, Civil Engineering, MEngr, Civil Engineering, MS, Computer Engineering, MEngr, Computer Engineering, MS, Computer Systems Engr BS, Construction Management, Construction Mgmt BS, Electrical & Computer Engr MS, Electrical&Computer Engr, PhD, Electrical & Computer MEngr, Electrical Engineering, Electrical Engineering BS, Electrical Engineering, MEngr, Electrical Engineering, MS, Engineering, Engineering Bs, Engineering Undeclared, Materials Science & Engr, Materials Science & Engr BS, Materials Science & Engr, MS, Materials Science & Engr, PhD, Materials Sci & Engr, MEngr, Mechanical Engineering, Mechanical Engineering BS, Mechanical Engineering, MEngr, Mechanical Engineering, MS, Pre-Engineering, Pre-Mechanical Engineering","Job, Internship","Junior, Senior, Masters, Alumni",TRUE,FALSE,FALSE,0,0
DCI Engineers,Civil Engineering,http://www.dci-engineers.com,,Kayla Johnson,kjohnson@dci-engineers.com,"Full-Time, Part-Time","BIM Designer, BIM Designer, Civil Engineering Project Manager, Civil Project Engineer, Structural Engineering Project Manager, Structural Project Engineer","BIM Designer, BIM Designer, Civil Engineering Project Manager, Civil Project Engineer, Structural Engineering Project Manager, Structural Project Engineer",,Civil/Environmental Engineering,"Civil Engineering, Civil Engineering BS, Civil Engineering, MEngr, Civil Engineering, MS","Job, Internship","Junior, Senior, Masters, Alumni",TRUE,TRUE,FALSE,0,0
DKS Associates,Civil Engineering,http://www.dksassociates.com,,Meagan Romenesko,meagan.romenesko@dksassociates.com,"Full-Time, Part-Time",,Roadway Design Engineering Associate,,,,"Job, Internship",,TRUE,TRUE,FALSE,0,0
"Electrical Consultants, Inc.",Energy,https://eciusa.com/,,Maureen Maloughney,hrdirector@eciusa.com,Full-Time,,"Electrical Engineer, Civil/Mechanical Engineer",,"Civil/Environmental Engineering, Electrical Engineering, Mechanical Engineering","Civil Engineering, Civil Engineering BS, Civil Engineering, MEngr, Civil Engineering, MS, Electrical & Computer Engr MS, Electrical&Computer Engr, PhD, Electrical & Computer MEngr, Electrical Engineering, Electrical Engineering BS, Electrical Engineering, MEngr, Electrical Engineering, MS, Mechanical Engineering, Mechanical Engineering BS, Mechanical Engineering, MEngr, Mechanical Engineering, MS, Pre-Mechanical Engineering","Job, Internship","Junior, Senior, Masters",TRUE,FALSE,FALSE,0,0
EPC Services Company,Engineering & Construction,http://www.eciusa.com,,Maureen Maloughney,hrdirector@epcs.com,Full-Time,,"Assistant Project Manager, Electrical Field Test Engineer, Electrical Field Test Technician",,,,"Job, Internship","Junior, Senior, Masters",TRUE,FALSE,FALSE,0,0
FOCUS Consulting,Civil Engineering,http://focus-es.com,FOCUS BOISE,Cyana Skinner,cskinner@focus-es.com,"Full-Time, Part-Time","Transportation Engineer, Structural Engineer, CAD Drafter, Landscape Designer, Administrative Support, Civil Engineer EIT/PE","Transportation Engineer, Structural Engineer, Landscape Designer, Administrative Support, Civil Engineer EIT/PE","Accountancy BA, Accountancy BBA, Accountancy/Finance BBA, Business Administration, Business Administration Bba, Business Administration F/T, Business Administration P/T, Civil Engineering, Civil Engineering BS, Civil Engineering, MEngr, Civil Engineering, MS, Engineering, Engineering Bs, Entrepreneurship Mgmt BBA, General Business, General Business BA, General Business BBA, General Business BS, Human Resource Management BA, Human Resource Management BBA, Human Resource Management BS, Management BBA, Marketing BBA, Pre-Bus: Accountancy, Pre-Bus: Business Admin, Pre-Bus: Business Economics, Pre-Bus: Entrep Management, Pre-Bus: Finance, Pre-Bus: HR Management, Pre-Business, Pre-Business Accountancy, Pre-Business Administration, Pre-Business Economics, Pre-Business Finance, Pre-Business Marketing, Pre-Engineering, Pre-Entrepreneurship Mgmt, Pre-Human Resource Management, Project Management M-Online, Project Mgmt Bach-Online","Civil/Environmental Engineering, Construction Engineering, General Engineering","Accountancy BA, Accountancy BBA, Accountancy/Finance BBA, Business Administration, Business Administration Bba, Business Administration F/T, Business Administration P/T, Civil Engineering, Civil Engineering BS, Civil Engineering, MEngr, Civil Engineering, MS, Computer Engineering, MEngr, Computer Engineering, MS, Construction Management, Construction Mgmt BS, Electrical & Computer Engr MS, Electrical&Computer Engr, PhD, Electrical & Computer MEngr, Electrical Engineering, Electrical Engineering BS, Electrical Engineering, MEngr, Electrical Engineering, MS, Engineering, Engineering Bs, Engineering Undeclared, Entrepreneurship Mgmt BBA, General Business, General Business BA, General Business BBA, General Business BS, Human Resource Management BA, Human Resource Management BBA, Human Resource Management BS, Management BBA, Marketing BBA, Materials Science & Engr BS, Materials Science & Engr, MS, Materials Science & Engr, PhD, Materials Sci & Engr, MEngr, Mechanical Engineering, Mechanical Engineering BS, Mechanical Engineering, MEngr, Mechanical Engineering, MS, Pre-Bus: Accountancy, Pre-Bus: Business Admin, Pre-Bus: Business Economics, Pre-Bus: Entrep Management, Pre-Bus: Finance, Pre-Bus: HR Management, Pre-Business, Pre-Business Accountancy, Pre-Business Administration, Pre-Business Economics, Pre-Business Finance, Pre-Business Marketing, Pre-Engineering, Pre-Entrepreneurship Mgmt, Pre-Human Resource Management, Pre-Mechanical Engineering, Project Management M-Online, Project Mgmt Bach-Online","Job, Internship","Freshman, Sophomore, Junior, Senior, Masters, Alumni",TRUE,TRUE,TRUE,0,0
Framatome Inc.,Utilities and Renewable Energy,https://www.nuclearcareers.com,,Brynley Smith,brynley.smith.ext@framatome.com,Full-Time,,Early Career Engineer and Engineering Interns,,"Computer Engineering, Electrical Engineering, Mechanical Engineering, Physics","Bachelor of Applied Science, Computer Engineering, MEngr, Computer Engineering, MS, Computer Systems Engr BS, Electrical & Computer Engr MS, Electrical&Computer Engr, PhD, Electrical & Computer MEngr, Electrical Engineering, Electrical Engineering BS, Electrical Engineering, MEngr, Electrical Engineering, MS, Geophysics BS, Geophysics, MS, Geophysics, PhD, Mechanical Engineering, Mechanical Engineering BS, Mechanical Engineering, MEngr, Mechanical Engineering, MS, Physics BS, Physics, Secondary Education, Pre-Mechanical Engineering","Job, Internship","Junior, Senior, Masters",TRUE,TRUE,TRUE,1,1
FTI,Construction,https://www.faithtechinc.com/,Engineering,Maria Salinas,maria.salinas@faithtechinc.com,Full-Time,,None,,"Construction Engineering, Electrical Engineering, General Engineering, Mechanical Engineering","Civil Engineering BS, Civil Engineering, MEngr, Civil Engineering, MS, Computer Engineering, MEngr, Computer Engineering, MS, Construction Management, Construction Mgmt BS, Electrical & Computer Engr MS, Electrical&Computer Engr, PhD, Electrical & Computer MEngr, Electrical Engineering, Electrical Engineering BS, Electrical Engineering, MEngr, Electrical Engineering, MS, Engineering, Engineering Bs, Engineering Undeclared, Materials Science & Engr BS, Materials Science & Engr, MS, Materials Science & Engr, PhD, Materials Sci & Engr, MEngr, Mechanical Engineering, Mechanical Engineering BS, Mechanical Engineering, MEngr, Mechanical Engineering, MS, Pre-Engineering, Pre-Mechanical Engineering","Job, Internship","Sophomore, Junior, Senior",TRUE,FALSE,FALSE,1,0
Gayle Manufacturing Company,Manufacturing,http://www.gaylemfg.com,Construction Management,Brandy DeBlasio,brandyd@gmcx.com,Full-Time,,None,,,,"Job, Internship",,TRUE,FALSE,TRUE,0,0
GeoTek,Civil Engineering,http://www.geotekusa.com,,Sophia Turner,sturner@geotekusa.com,Full-Time,,None,,,,"Job, Internship","Freshman, Sophomore, Junior, Senior, Masters, Alumni",TRUE,FALSE,FALSE,0,0
"Gerding Builders, LLC",Construction,http://www.gerdingbuilders.com,,Stacy Rogers,stacyr@gerdingbuilders.com,"Full-Time, Part-Time",,Project Engineer,,,,Job,"Freshman, Sophomore, Junior, Senior",TRUE,FALSE,FALSE,0,0
Granite,Construction,https://www.graniteconstruction.com,Granite Construction - Washington Region,Lindsey Olsen,lindsey.olsen@gcinc.com,"Full-Time, Part-Time",,None,,,,"Job, Internship",,TRUE,FALSE,FALSE,0,0
"Great West Engineering, Inc.",Civil Engineering,http://www.greatwesteng.com,,Ilene Robinson,irobinson@greatwesteng.com,Full-Time,,Engineering and Interns,Civil Engineering,"Biomedical Engineering, Civil/Environmental Engineering, Computer Engineering, Construction Engineering, Electrical Engineering, General Engineering, Materials Science & Engineering, Mechanical Engineering","Biomedical Engineering, Civil Engineering, Civil Engineering BS, Civil Engineering, MEngr, Civil Engineering, MS, Computer Engineering, MEngr, Computer Engineering, MS, Computer Systems Engr BS, Construction Management, Construction Mgmt BS, Electrical & Computer Engr MS, Electrical&Computer Engr, PhD, Electrical & Computer MEngr, Electrical Engineering, Electrical Engineering BS, Electrical Engineering, MEngr, Electrical Engineering, MS, Engineering, Engineering Bs, Engineering Undeclared, Materials Science & Engr, Materials Science & Engr BS, Materials Science & Engr, MS, Materials Science & Engr, PhD, Materials Sci & Engr, MEngr, Mechanical Engineering, Mechanical Engineering BS, Mechanical Engineering, MEngr, Mechanical Engineering, MS, Pre-Engineering, Pre-Mechanical Engineering","Job, Internship","Junior, Senior",TRUE,TRUE,FALSE,0,0
"GSE Construction Company, Inc.",Construction,http://www.gseconstruction.com,,Sara Blickle,sblickle@gseconstruction.com,Full-Time,,Project Engineer,,"Civil/Environmental Engineering, Construction Engineering, General Engineering, Mechanical Engineering","Civil Engineering, Civil Engineering BS, Civil Engineering, MEngr, Civil Engineering, MS, Computer Engineering, MEngr, Computer Engineering, MS, Construction Management, Construction Mgmt BS, Electrical & Computer Engr MS, Electrical&Computer Engr, PhD, Electrical & Computer MEngr, Electrical Engineering, Electrical Engineering BS, Electrical Engineering, MEngr, Electrical Engineering, MS, Engineering, Engineering Bs, Engineering Undeclared, Materials Science & Engr BS, Materials Science & Engr, MS, Materials Science & Engr, PhD, Materials Sci & Engr, MEngr, Mechanical Engineering, Mechanical Engineering BS, Mechanical Engineering, MEngr, Mechanical Engineering, MS, Pre-Engineering, Pre-Mechanical Engineering","Job, Internship","Freshman, Sophomore, Junior, Senior",TRUE,TRUE,TRUE,0,0
Hamilton Construction Co.,Construction,http://www.hamil.com,,Priscilla Serna,pserna@hamil.com,,,None,,"Civil/Environmental Engineering, Construction Engineering, General Engineering, Mechanical Engineering","Civil Engineering, Civil Engineering BS, Civil Engineering, MEngr, Civil Engineering, MS, Computer Engineering, MEngr, Computer Engineering, MS, Construction Management, Construction Mgmt BS, Electrical & Computer Engr MS, Electrical&Computer Engr, PhD, Electrical & Computer MEngr, Electrical Engineering, Electrical Engineering BS, Electrical Engineering, MEngr, Electrical Engineering, MS, Engineering, Engineering Bs, Engineering Undeclared, Materials Science & Engr BS, Materials Science & Engr, MS, Materials Science & Engr, PhD, Materials Sci & Engr, MEngr, Mechanical Engineering, Mechanical Engineering BS, Mechanical Engineering, MEngr, Mechanical Engineering, MS, Pre-Engineering, Pre-Mechanical Engineering","Job, Internship","Freshman, Sophomore, Junior, Senior, Masters",TRUE,TRUE,TRUE,1,0
Harder Mechanical Contractors,Construction,http://www.harder.com,,Augusta Grassl,agrassl@harder.com,Full-Time,"Field Engineer -- Recent Graduates, Field Engineer -- Recent Graduates, Field Engineer -- Recent Graduates","Field Engineer -- Recent Graduates, Field Engineer -- Recent Graduates, Field Engineer -- Recent Graduates","Civil Engineering, Civil Engineering BS, Construction Management, Construction Mgmt BS, Mechanical Engineering, Mechanical Engineering BS","Civil/Environmental Engineering, Construction Engineering, General Engineering, Mechanical Engineering","Civil Engineering, Civil Engineering BS, Civil Engineering, MEngr, Civil Engineering, MS, Computer Engineering, MEngr, Computer Engineering, MS, Construction Management, Construction Mgmt BS, Electrical & Computer Engr MS, Electrical&Computer Engr, PhD, Electrical & Computer MEngr, Electrical Engineering, Electrical Engineering BS, Electrical Engineering, MEngr, Electrical Engineering, MS, Engineering, Engineering Bs, Engineering Undeclared, Materials Science & Engr BS, Materials Science & Engr, MS, Materials Science & Engr, PhD, Materials Sci & Engr, MEngr, Mechanical Engineering, Mechanical Engineering BS, Mechanical Engineering, MEngr, Mechanical Engineering, MS, Pre-Engineering, Pre-Mechanical Engineering","Job, Internship","Sophomore, Junior, Senior, Masters",TRUE,FALSE,FALSE,0,0
Hargis Engineers,Engineering & Construction,https://cm.hargis.biz/interns/,,Shannon Brush,shannon.brush@hargis.biz,Full-Time,,Designer - Entry Level,,"Electrical Engineering, Mechanical Engineering","Electrical & Computer Engr MS, Electrical&Computer Engr, PhD, Electrical & Computer MEngr, Electrical Engineering, Electrical Engineering BS, Electrical Engineering, MEngr, Electrical Engineering, MS, Mechanical Engineering, Mechanical Engineering BS, Mechanical Engineering, MEngr, Mechanical Engineering, MS, Pre-Mechanical Engineering",Internship,Junior,TRUE,FALSE,FALSE,0,0
Harris,Construction,https://www.harriscompany.com/,,Brady Germain,bgermain@harriscompany.com,Full-Time,"Building Automation Intern, Project Management Rotational Program","Building Automation Intern, Project Management Rotational Program",,"Construction Engineering, Electrical Engineering, Mechanical Engineering","Construction Management, Construction Mgmt BS, Electrical & Computer Engr MS, Electrical&Computer Engr, PhD, Electrical & Computer MEngr, Electrical Engineering, Electrical Engineering BS, Electrical Engineering, MEngr, Electrical Engineering, MS, Mechanical Engineering, Mechanical Engineering BS, Mechanical Engineering, MEngr, Mechanical Engineering, MS, Pre-Mechanical Engineering","Job, Internship","Sophomore, Junior, Senior, Masters, Alumni",TRUE,FALSE,FALSE,0,0
"HDR, Inc.",Design,https://www.hdrinc.com,"Power, Water, Transportation ",Crystal Jensen,crystal.jensen@hdrinc.com,"Full-Time, Part-Time",,"Engineering Interns, Entry-Level Engineers, Project Engineers, Professional Engineers",,,,"Job, Internship","Junior, Senior, Masters, Doctorate, Postdoctoral Studies, Alumni",TRUE,TRUE,TRUE,0,1
Hill & Peterson AFB Civilian Engineering,Engineering & Construction,https://afciviliancareers.com/,,Cary Valerio,cary.valerio@us.af.mil,Full-Time,,None,,"Biomedical Engineering, Civil/Environmental Engineering, Computer Engineering, Computer Programming, Computer Science, Computer Systems Networking & Telecommunications, Construction Engineering, Cyber Security, Data Science, Electrical Engineering, General Engineering, Information Systems Management, Materials Science & Engineering, Mechanical Engineering, Software Design","Artificial Intelligence Sci BS, Biomedical Engineering, Civil Engineering, Civil Engineering BS, Civil Engineering, MEngr, Civil Engineering, MS, Computer Engineering, MEngr, Computer Engineering, MS, Computer Science BS, Computer Science, MS, Computer Systems Engr BS, Computing PhD, Construction Management, Construction Mgmt BS, Cyber Analyst GR Cert-Onl, Cyber Operations BAS-Online, Cyber Operations BS-Online, Cyber Operations MS-Online, Cyber Operations & Resilience, Cyber Resilience GR Cert-Onl, Cybersecurity MS, Data Science MS, Electrical & Computer Engr MS, Electrical&Computer Engr, PhD, Electrical & Computer MEngr, Electrical Engineering, Electrical Engineering BS, Electrical Engineering, MEngr, Electrical Engineering, MS, Engineering, Engineering Bs, Engineering Undeclared, Information Tech Mgmt BBA, Information Technology Mgmt BS, Materials Science & Engr, Materials Science & Engr BS, Materials Science & Engr, MS, Materials Science & Engr, PhD, Materials Sci & Engr, MEngr, Mechanical Engineering, Mechanical Engineering BS, Mechanical Engineering, MEngr, Mechanical Engineering, MS, Pre-Engineering, Pre-Mechanical Engineering","Job, Internship","Junior, Senior, Masters, Doctorate, Postdoctoral Studies, Alumni",TRUE,FALSE,FALSE,0,0
HMH Engineering,Civil Engineering,http://www.hmh-llc.com/,,Morgan Hinkle,mhinkle@hmh-llc.com,Full-Time,,None,,,,Internship,"Freshman, Sophomore, Junior, Senior, Masters",TRUE,TRUE,FALSE,0,0
Hoffman Construction Company,Construction,http://www.hoffmancorp.com,,Jen McCalley,jen-mccalley@hoffmancorp.com,"Full-Time, Part-Time","Project Engineer (0-3 Years' Experience) - WA, Project Engineer (0-3 Years' Experience) - AZ, Project Engineer (0-3 Years' Experience) - OR, Project Engineer (0-3 Years' Experience) - ID, Intern Project Engineer Summer 2027 - Washington, Quality Coordinator Intern Summer 2027 - Idaho, Intern Project Engineer Summer 2027 - Oregon, Intern Project Engineer Summer 2027 - Texas, CAD/Modeling Technician Intern Summer 2027 - TX, CAD/Modeling Technician Intern Summer 2027 - ID, Intern Project Engineer Summer 2027 - Idaho","Project Engineer (0-3 Years' Experience) - WA, Project Engineer (0-3 Years' Experience) - AZ, Project Engineer (0-3 Years' Experience) - OR, Project Engineer (0-3 Years' Experience) - ID, Quality Coordinator Intern Summer 2027 - Idaho, Intern Project Engineer Summer 2027 - Oregon, CAD/Modeling Technician Intern Summer 2027 - TX, CAD/Modeling Technician Intern Summer 2027 - ID","Civil Engineering, Civil Engineering BS, Computer Engineering BS, Computer Science BS, Construction Management, Construction Mgmt BS, Data Science MS, Electrical Engineering, Electrical Engineering BS, Engineering, Engineering Bs, Engineering Undeclared, Environ & Occup Health BS, Mathematical Sciences BS, Mathematics, Mathematics BA, Mathematics BS, Mechanical Engineering, Mechanical Engineering BS","Civil/Environmental Engineering, Computer Engineering, Computer Programming, Computer Science, Computer Systems Networking & Telecommunications, Construction Engineering, Cyber Security, Data Science, Electrical Engineering, General Engineering, Information Systems Management, Materials Science & Engineering, Mathematics, Mechanical Engineering, Software Design","Applied Mathematics BS, Artificial Intelligence Sci BS, Civil Engineering, Civil Engineering BS, Civil Engineering, MEngr, Civil Engineering, MS, Computer Engineering BS, Computer Engineering, MEngr, Computer Engineering, MS, Computer Science BS, Computer Science, MS, Computer Systems Engr BS, Computing PhD, Construction Management, Construction Mgmt BS, Cyber Analyst GR Cert-Onl, Cyber Operations BAS-Online, Cyber Operations BS-Online, Cyber Operations MS-Online, Cyber Operations & Resilience, Cyber Resilience GR Cert-Onl, Cybersecurity MS, Data Science MS, Education, Mathematics MA, Electrical & Computer Engr MS, Electrical&Computer Engr, PhD, Electrical & Computer MEngr, Electrical Engineering, Electrical Engineering BS, Electrical Engineering, MEngr, Electrical Engineering, MS, Engineering, Engineering Bs, Engineering Undeclared, Environ & Occup Health BS, Information Tech Mgmt BBA, Information Technology Mgmt BS, Materials Science & Engr, Materials Science & Engr BS, Materials Science & Engr, MS, Materials Science & Engr, PhD, Materials Sci & Engr, MEngr, Mathematical Sciences BS, Mathematics, Mathematics BA, Mathematics BS, Mathematics Education, MS, Mathematics, MS, Mathematics, Secondary Ed BA, Mathematics, Secondary Educ BS, Mechanical Engineering, Mechanical Engineering BS, Mechanical Engineering, MEngr, Mechanical Engineering, MS, Middle School Math Teaching En, Pre-Engineering, Pre-Mechanical Engineering, Sciences & Math-Undeclared","Job, Internship","Freshman, Sophomore, Junior, Senior, Alumni",TRUE,FALSE,FALSE,1,1
Holland & Hart LLP,Legal & Law Enforcement,https://www.hollandhart.com/,Patent,Jacob Katz,jjkatz@hollandhart.com,Full-Time,,Patent Engineer Internship,,"Computer Engineering, Computer Science, Electrical Engineering, General Engineering, Materials Science & Engineering, Mechanical Engineering, Physics","Artificial Intelligence Sci BS, Bachelor of Applied Science, Civil Engineering BS, Civil Engineering, MEngr, Civil Engineering, MS, Computer Engineering, MEngr, Computer Engineering, MS, Computer Science BS, Computer Science, MS, Computer Systems Engr BS, Computing PhD, Electrical & Computer Engr MS, Electrical&Computer Engr, PhD, Electrical & Computer MEngr, Electrical Engineering, Electrical Engineering BS, Electrical Engineering, MEngr, Electrical Engineering, MS, Engineering, Engineering Bs, Engineering Undeclared, Geophysics BS, Geophysics, MS, Geophysics, PhD, Materials Science & Engr, Materials Science & Engr BS, Materials Science & Engr, MS, Materials Science & Engr, PhD, Materials Sci & Engr, MEngr, Mechanical Engineering, Mechanical Engineering BS, Mechanical Engineering, MEngr, Mechanical Engineering, MS, Physics BS, Physics, Secondary Education, Pre-Engineering, Pre-Mechanical Engineering",Internship,"Junior, Senior, Masters, Doctorate, Alumni",TRUE,TRUE,TRUE,0,0
Horrocks,Civil Engineering,http://www.horrocksengineers.com,,Horrocks Recruiting Team,recruiting@horrocks.com,"Full-Time, Part-Time",,None,,Civil/Environmental Engineering,"Civil Engineering, Civil Engineering BS, Civil Engineering, MEngr, Civil Engineering, MS","Job, Internship","Sophomore, Junior, Senior",TRUE,TRUE,TRUE,0,0
Idaho Air National Guard,Defense,https://www.124thfighterwing.ang.af.mil/,,Cody Leeper,cody.leeper@us.af.mil,"Full-Time, Part-Time",,All Positions,,,,"Job, Internship","Freshman, Sophomore, Junior, Senior, Masters, Masters of Business Administration, Doctorate, Postdoctoral Studies, Certificate Program, First Year Community / Technical College, Second Year Community / Technical College, Alumni",FALSE,FALSE,FALSE,0,0
Idaho National Laboratory,Research,https://www.inl.gov/,,Kimberly Schuebert,kimberly.schuebert@inl.gov,"Full-Time, Part-Time",,None,,,,"Job, Internship, Cooperative Education, Experiential Learning, Fellowship","Freshman, Sophomore, Junior, Senior, Masters, Masters of Business Administration, Doctorate, Postdoctoral Studies, Certificate Program, First Year Community / Technical College, Second Year Community / Technical College, Alumni",TRUE,TRUE,TRUE,0,0
Idaho Power Company,Other Industries,http://idahopower.com,Engineering,Idaho Power Jobs,jobs@idahopower.com,Full-Time,,None,,"Civil/Environmental Engineering, Electrical Engineering, General Engineering, Mechanical Engineering","Civil Engineering, Civil Engineering BS, Civil Engineering, MEngr, Civil Engineering, MS, Computer Engineering, MEngr, Computer Engineering, MS, Electrical & Computer Engr MS, Electrical&Computer Engr, PhD, Electrical & Computer MEngr, Electrical Engineering, Electrical Engineering BS, Electrical Engineering, MEngr, Electrical Engineering, MS, Engineering, Engineering Bs, Engineering Undeclared, Materials Science & Engr BS, Materials Science & Engr, MS, Materials Science & Engr, PhD, Materials Sci & Engr, MEngr, Mechanical Engineering, Mechanical Engineering BS, Mechanical Engineering, MEngr, Mechanical Engineering, MS, Pre-Engineering, Pre-Mechanical Engineering",Internship,"Junior, Senior, Masters, Doctorate",TRUE,TRUE,FALSE,0,0
Idaho Transportation Department,"Government - Local, State & Federal",http://itd.idaho.gov/,,Jenna Pettek,jenna.pettek@itd.idaho.gov,"Full-Time, Part-Time",,Engineer Interns (EITs) ,,,,"Job, Internship",,TRUE,FALSE,FALSE,0,0
J.F. Brennan Company,Construction,https://www.jfbrennan.com,J.F. Brennan Company,Lindsey Bredeson,lbredeson@jfbrennan.com,,,None,,"Civil/Environmental Engineering, Construction Engineering, General Engineering","Civil Engineering, Civil Engineering BS, Civil Engineering, MEngr, Civil Engineering, MS, Computer Engineering, MEngr, Computer Engineering, MS, Construction Management, Construction Mgmt BS, Electrical & Computer Engr MS, Electrical&Computer Engr, PhD, Electrical & Computer MEngr, Electrical Engineering, Electrical Engineering BS, Electrical Engineering, MEngr, Electrical Engineering, MS, Engineering, Engineering Bs, Engineering Undeclared, Materials Science & Engr BS, Materials Science & Engr, MS, Materials Science & Engr, PhD, Materials Sci & Engr, MEngr, Mechanical Engineering, Mechanical Engineering BS, Mechanical Engineering, MEngr, Mechanical Engineering, MS, Pre-Engineering, Pre-Mechanical Engineering","Job, Internship","Freshman, Sophomore, Junior, Senior",TRUE,FALSE,FALSE,0,0
Jacobs,Engineering & Construction,http://www.jacobs.com,,Jacobs GFT Global Future Talent,globalfuturetalent@jacobs.com,Full-Time,,None,,"Civil/Environmental Engineering, Construction Engineering, Electrical Engineering, Mechanical Engineering","Civil Engineering, Civil Engineering BS, Civil Engineering, MEngr, Civil Engineering, MS, Construction Management, Construction Mgmt BS, Electrical & Computer Engr MS, Electrical&Computer Engr, PhD, Electrical & Computer MEngr, Electrical Engineering, Electrical Engineering BS, Electrical Engineering, MEngr, Electrical Engineering, MS, Mechanical Engineering, Mechanical Engineering BS, Mechanical Engineering, MEngr, Mechanical Engineering, MS, Pre-Mechanical Engineering","Job, Internship, Cooperative Education","Sophomore, Junior, Senior, Masters",TRUE,FALSE,FALSE,0,0
Janicki Industries,Manufacturing,http://www.janicki.com,,Lillian Kron,lillian.kron@janicki.com,Full-Time,"NC Engineer, Quality Engineer","NC Engineer, Quality Engineer",,"General Engineering, Materials Science & Engineering, Mechanical Engineering","Civil Engineering BS, Civil Engineering, MEngr, Civil Engineering, MS, Computer Engineering, MEngr, Computer Engineering, MS, Electrical & Computer Engr MS, Electrical&Computer Engr, PhD, Electrical & Computer MEngr, Electrical Engineering, Electrical Engineering BS, Electrical Engineering, MEngr, Electrical Engineering, MS, Engineering, Engineering Bs, Engineering Undeclared, Materials Science & Engr, Materials Science & Engr BS, Materials Science & Engr, MS, Materials Science & Engr, PhD, Materials Sci & Engr, MEngr, Mechanical Engineering, Mechanical Engineering BS, Mechanical Engineering, MEngr, Mechanical Engineering, MS, Pre-Engineering, Pre-Mechanical Engineering","Job, Internship",,TRUE,FALSE,FALSE,0,0
Johnson Barrow Inc,Construction,http://www.jbarrow.com,,Andy Pietromonaco,apietromonaco@jbarrow.com,Full-Time,,None,,,,"Job, Internship","Junior, Senior, Masters, Certificate Program, Alumni",TRUE,TRUE,TRUE,0,0
JST Manufacturing Inc.,Manufacturing,http://www.jstmfg.com,,Marci Welshimer,marcir@jstmfg.com,"Full-Time, Part-Time",,None,,"Biomedical Engineering, Civil/Environmental Engineering, Computer Engineering, Computer Programming, Computer Science, Construction Engineering, Electrical Engineering, General Engineering, Materials Science & Engineering, Mechanical Engineering","Artificial Intelligence Sci BS, Biomedical Engineering, Civil Engineering, Civil Engineering BS, Civil Engineering, MEngr, Civil Engineering, MS, Computer Engineering, MEngr, Computer Engineering, MS, Computer Science BS, Computer Science, MS, Computer Systems Engr BS, Computing PhD, Construction Management, Construction Mgmt BS, Electrical & Computer Engr MS, Electrical&Computer Engr, PhD, Electrical & Computer MEngr, Electrical Engineering, Electrical Engineering BS, Electrical Engineering, MEngr, Electrical Engineering, MS, Engineering, Engineering Bs, Engineering Undeclared, Materials Science & Engr, Materials Science & Engr BS, Materials Science & Engr, MS, Materials Science & Engr, PhD, Materials Sci & Engr, MEngr, Mechanical Engineering, Mechanical Engineering BS, Mechanical Engineering, MEngr, Mechanical Engineering, MS, Pre-Engineering, Pre-Mechanical Engineering","Job, Internship","Freshman, Sophomore, Junior, Senior, Masters",TRUE,TRUE,FALSE,0,0
J-U-B ENGINEERS,Civil Engineering,http://www.jub.com,,Brittany Stoker,bstoker@jub.com,Full-Time,"Civil Engineering Intern, Project Engineer or Project Designer- EIT","Civil Engineering Intern, Project Engineer or Project Designer- EIT",,"Civil/Environmental Engineering, Construction Engineering","Civil Engineering, Civil Engineering BS, Civil Engineering, MEngr, Civil Engineering, MS, Construction Management, Construction Mgmt BS","Job, Internship","Junior, Senior, Masters",TRUE,TRUE,TRUE,0,0
"Keller Associates, Inc.",Civil Engineering,http://www.kellerassociates.com,,Emma Jenkins,ejenkins@kellerassociates.com,"Full-Time, Part-Time","Civil Engineering Student Intern, Transportation/Civil Project Engineer (EI), Water/Wastewater Project Engineer (EI)","Civil Engineering Student Intern, Transportation/Civil Project Engineer (EI), Water/Wastewater Project Engineer (EI)",,,,"Job, Internship",,TRUE,FALSE,FALSE,0,0
Kimley-Horn,Civil Engineering,http://www.kimley-horn.com,Mountain Pacific,Alyssa Miller,alyssa.miller@kimley-horn.com,Full-Time,,"Civil Analyst, Civil Intern",,Civil/Environmental Engineering,"Civil Engineering, Civil Engineering BS, Civil Engineering, MEngr, Civil Engineering, MS","Job, Internship","Junior, Senior, Masters",TRUE,FALSE,FALSE,0,1
"Kittelson & Associates, Inc.",Civil Engineering,http://www.kittelson.com,,Zoe Benedick,zbenedick@kittelson.com,Full-Time,,Transportation Engineer; Transportation Planner; Transportation Intern,,,,"Job, Internship","Freshman, Sophomore, Junior, Senior, Masters, Masters of Business Administration, Doctorate, Postdoctoral Studies, Certificate Program, First Year Community / Technical College, Second Year Community / Technical College, Alumni",TRUE,TRUE,TRUE,0,0
KLA Corporation,Manufacturing,https://careers.kla.com/,,Nathan Kwan,nathan.kwan@kla.com,Full-Time,,None,,"Chemistry, Computer Engineering, Computer Programming, Computer Science, Electrical Engineering, Materials Science & Engineering, Mechanical Engineering, Physics","Artificial Intelligence Sci BS, Bachelor of Applied Science, Bach of Applied Science-Online, Chemistry BS, Chemistry, MS, Chemistry, Secondary Education, Computer Engineering, MEngr, Computer Engineering, MS, Computer Science BS, Computer Science, MS, Computer Systems Engr BS, Computing PhD, Electrical & Computer Engr MS, Electrical&Computer Engr, PhD, Electrical & Computer MEngr, Electrical Engineering, Electrical Engineering BS, Electrical Engineering, MEngr, Electrical Engineering, MS, Geophysics BS, Geophysics, MS, Geophysics, PhD, Materials Science & Engr, Materials Science & Engr BS, Materials Science & Engr, MS, Materials Science & Engr, PhD, Materials Sci & Engr, MEngr, Mechanical Engineering, Mechanical Engineering BS, Mechanical Engineering, MEngr, Mechanical Engineering, MS, Physics BS, Physics, Secondary Education, Pre-Bachelor of Applied Scienc, Pre-Bach of Applied Sci-Online, Pre-Mechanical Engineering, Sec Education, Chemistry","Job, Internship","Senior, Masters, Masters of Business Administration, Doctorate",TRUE,FALSE,FALSE,0,0
KM Engineering,Civil Engineering,http://www.kmengllp.com,,Ryan Russell,rrussell@kmengllp.com,Full-Time,,"Civil Engineer, Civil Engineer Intern ",,Civil/Environmental Engineering,"Civil Engineering, Civil Engineering BS, Civil Engineering, MEngr, Civil Engineering, MS","Job, Internship",,FALSE,FALSE,FALSE,0,0
KPFF Consulting Engineers,Civil Engineering,http://www.kpff.com/,Mountain West,Noelle Muller,noelle.muller@kpff.com,Full-Time,,"Structural Engineering Intern, Structural Engineer, Civil Engineer, Transportation Engineer",,"Civil/Environmental Engineering, Construction Engineering","Civil Engineering, Civil Engineering BS, Civil Engineering, MEngr, Civil Engineering, MS, Construction Management, Construction Mgmt BS","Job, Internship","Junior, Senior, Masters, Doctorate, Postdoctoral Studies, Alumni",TRUE,TRUE,TRUE,0,0
Lam Research Corporation,Manufacturing,http://lamresearch.com,,Kari Harvey,kari.harvey@lamresearch.com,Full-Time,,None,,"Chemistry, Electrical Engineering, Materials Science & Engineering, Mathematics, Mechanical Engineering, Physics","Applied Mathematics BS, Bachelor of Applied Science, Bach of Applied Science-Online, Chemistry BS, Chemistry, MS, Chemistry, Secondary Education, Education, Mathematics MA, Electrical & Computer Engr MS, Electrical&Computer Engr, PhD, Electrical & Computer MEngr, Electrical Engineering, Electrical Engineering BS, Electrical Engineering, MEngr, Electrical Engineering, MS, Geophysics BS, Geophysics, MS, Geophysics, PhD, Materials Science & Engr, Materials Science & Engr BS, Materials Science & Engr, MS, Materials Science & Engr, PhD, Materials Sci & Engr, MEngr, Mathematics, Mathematics BA, Mathematics BS, Mathematics Education, MS, Mathematics, MS, Mathematics, Secondary Ed BA, Mathematics, Secondary Educ BS, Mechanical Engineering, Mechanical Engineering BS, Mechanical Engineering, MEngr, Mechanical Engineering, MS, Middle School Math Teaching En, Physics BS, Physics, Secondary Education, Pre-Bachelor of Applied Scienc, Pre-Bach of Applied Sci-Online, Pre-Mechanical Engineering, Sciences & Math-Undeclared, Sec Education, Chemistry","Job, Internship","Sophomore, Junior, Senior, Masters, Doctorate",TRUE,FALSE,FALSE,0,0
Lumos & Associates,Civil Engineering,http://lumosinc.com,,Grace Cotton,gcotton@lumosinc.com,"Full-Time, Part-Time",,"Project Designer, Surveying Technician","Civil Engineering, Civil Engineering BS, Civil Engineering, MS",,"Civil Engineering, Civil Engineering BS, Civil Engineering, MS","Job, Internship","Freshman, Sophomore, Junior, Senior, Masters, Alumni",TRUE,FALSE,FALSE,0,0
Micron Technology Inc.,Electronic & Computer Hardware,http://www.micron.com/universityrecruiting,College Recruiting,University Relations,university@micron.com,,,None,,,,"Job, Internship",,TRUE,TRUE,TRUE,0,2
Mission Critical Group,Manufacturing,https://missioncriticalgroup.com/,,Matthew Thomsen,mthomsen@missioncriticalgroup.com,Full-Time,,"Mechanical Engineering, Electrical Engineering",,,,"Job, Internship","Junior, Senior, Masters",TRUE,FALSE,FALSE,0,0
"Mitsubishi Power Americas, Inc.",Energy,https://power.mhi.com/regions/amer/,Engineering,Lina Torres,lina.torres@amermhi.com,Full-Time,,"Electrical Engineer, Mechanical Engineer",,,,Job,"Senior, Second Year Community / Technical College",TRUE,FALSE,FALSE,0,0
Morrison-Maierle,Civil Engineering,http://www.m-m.net,,James Brown,hr@m-m.net,Full-Time,,None,,"Civil/Environmental Engineering, Electrical Engineering, Mechanical Engineering","Civil Engineering, Civil Engineering BS, Civil Engineering, MEngr, Civil Engineering, MS, Electrical & Computer Engr MS, Electrical&Computer Engr, PhD, Electrical & Computer MEngr, Electrical Engineering, Electrical Engineering BS, Electrical Engineering, MEngr, Electrical Engineering, MS, Mechanical Engineering, Mechanical Engineering BS, Mechanical Engineering, MEngr, Mechanical Engineering, MS, Pre-Mechanical Engineering",Job,"Senior, Masters, Doctorate",TRUE,FALSE,FALSE,0,0
Nasland Engineering,Civil Engineering,http://www.nasland.com/,,Nick Nasland,nick@nasland.com,"Full-Time, Part-Time",,Civil Engineer Intern,,,,Internship,"Sophomore, Junior, Senior",TRUE,FALSE,FALSE,0,0
Naval Nuclear Laboratory,Defense,https://navalnuclearlab.energy.gov/,,Kenneth Boylan,kenneth.boylan@unnpp.gov,Full-Time,,"Associate mechanical engineer, associate chemical engineer, associate computer and electrical engineer - software, associate data engineer, associate engineer of radiological work, associate health physicist,, associate electrical engineer,  associate fire protection engineer, associate nuclear engineer",,"Biomedical Engineering, Chemistry, Civil/Environmental Engineering, Computer Engineering, Computer Programming, Computer Science, Computer Systems Networking & Telecommunications, Construction Engineering, Cyber Security, Data Science, Electrical Engineering, General Engineering, Information Systems Management, Materials Science & Engineering, Mathematics, Mechanical Engineering, Physics, Software Design","Applied Mathematics BS, Artificial Intelligence Sci BS, Bachelor of Applied Science, Bach of Applied Science-Online, Biomedical Engineering, Chemistry BS, Chemistry, MS, Chemistry, Secondary Education, Civil Engineering, Civil Engineering BS, Civil Engineering, MEngr, Civil Engineering, MS, Computer Engineering, MEngr, Computer Engineering, MS, Computer Science BS, Computer Science, MS, Computer Systems Engr BS, Computing PhD, Construction Management, Construction Mgmt BS, Cyber Analyst GR Cert-Onl, Cyber Operations BAS-Online, Cyber Operations BS-Online, Cyber Operations MS-Online, Cyber Operations & Resilience, Cyber Resilience GR Cert-Onl, Cybersecurity MS, Data Science MS, Education, Mathematics MA, Electrical & Computer Engr MS, Electrical&Computer Engr, PhD, Electrical & Computer MEngr, Electrical Engineering, Electrical Engineering BS, Electrical Engineering, MEngr, Electrical Engineering, MS, Engineering, Engineering Bs, Engineering Undeclared, Geophysics BS, Geophysics, MS, Geophysics, PhD, Information Tech Mgmt BBA, Information Technology Mgmt BS, Materials Science & Engr, Materials Science & Engr BS, Materials Science & Engr, MS, Materials Science & Engr, PhD, Materials Sci & Engr, MEngr, Mathematics, Mathematics BA, Mathematics BS, Mathematics Education, MS, Mathematics, MS, Mathematics, Secondary Ed BA, Mathematics, Secondary Educ BS, Mechanical Engineering, Mechanical Engineering BS, Mechanical Engineering, MEngr, Mechanical Engineering, MS, Middle School Math Teaching En, Physics BS, Physics, Secondary Education, Pre-Bachelor of Applied Scienc, Pre-Bach of Applied Sci-Online, Pre-Engineering, Pre-Mechanical Engineering, Sciences & Math-Undeclared, Sec Education, Chemistry","Job, Internship","Freshman, Sophomore, Junior, Senior, Masters",TRUE,FALSE,FALSE,0,0
NV5,Civil Engineering,http://www.nv5.com,,Travis Foster,travis.foster@nv5.com,"Full-Time, Part-Time",,Civil Intern - Development Services / Transportation Services; Civil EIT - Development Services / Transportation Services,,"Civil/Environmental Engineering, General Engineering","Civil Engineering, Civil Engineering BS, Civil Engineering, MEngr, Civil Engineering, MS, Computer Engineering, MEngr, Computer Engineering, MS, Electrical & Computer Engr MS, Electrical&Computer Engr, PhD, Electrical & Computer MEngr, Electrical Engineering, Electrical Engineering BS, Electrical Engineering, MEngr, Electrical Engineering, MS, Engineering, Engineering Bs, Engineering Undeclared, Materials Science & Engr BS, Materials Science & Engr, MS, Materials Science & Engr, PhD, Materials Sci & Engr, MEngr, Mechanical Engineering, Mechanical Engineering BS, Mechanical Engineering, MEngr, Mechanical Engineering, MS, Pre-Engineering, Pre-Mechanical Engineering","Job, Internship","Sophomore, Junior, Senior, Masters",TRUE,TRUE,FALSE,0,0
"NxEdge, Inc.",Manufacturing,http://www.nxedgeinc.com,Engineering,Tammy Cooley,tammy.cooley@nxedgeinc.com,Full-Time,,"Mechanical Engineer, Electrical Engineer, Manufacturing Engineer, Quality Engineer",,,,"Job, Internship","Junior, Senior, Masters, Alumni",TRUE,FALSE,FALSE,0,0
"Odin Environmental Solutions, LLC",Construction,https://www.odinenv.com,,Paige Pool,ppool@odinenv.com,Full-Time,,Project Engineer,"Civil Engineering, Construction Management",,"Civil Engineering, Construction Management","Job, Internship","Sophomore, Junior, Senior, Masters",TRUE,TRUE,TRUE,0,0
Osborn Consulting,Civil Engineering,http://www.osbornconsulting.com,Water Resources,Tarelle Osborn,tarelle@osbornconsulting.com,Full-Time,Civil Engineering Intern,Civil Engineering Intern,,,,"Job, Internship",,TRUE,FALSE,FALSE,0,0
Plexus Corp.,Manufacturing,http://www.plexus.com,,Victoria Ghazal,victoria.ghazal@plexus.com,,,None,"Biomedical Engineering, Business Administration, Computer Engineering BS, Computer Engineering, MEngr, Computer Engineering, MS, Electrical & Computer Engr MS, Electrical & Computer MEngr, Electrical Engineering, Electrical Engineering BS, Electrical Engineering, MEngr, Electrical Engineering, MS, Engineering, Engineering Bs, Finance BBA, Mechanical Engineering, Mechanical Engineering BS, Mechanical Engineering, MEngr, Supply Chain Management BBA",,"Biomedical Engineering, Business Administration, Computer Engineering BS, Computer Engineering, MEngr, Computer Engineering, MS, Electrical & Computer Engr MS, Electrical & Computer MEngr, Electrical Engineering, Electrical Engineering BS, Electrical Engineering, MEngr, Electrical Engineering, MS, Engineering, Engineering Bs, Finance BBA, Mechanical Engineering, Mechanical Engineering BS, Mechanical Engineering, MEngr, Supply Chain Management BBA",Internship,,TRUE,FALSE,FALSE,0,0
Prime Controls,Other Industries,http://www.prime-controls.com/careers,Electrical Engineering,Kimberley Lehman,k.lehman@prime-controls.com,Full-Time,,"Controls Engineer, Intern, Superintendents, Contruction Managers",,,,Job,"Junior, Senior, Masters",TRUE,FALSE,FALSE,2,1
Puget Sound Naval Shipyard and Intermediate Maintenance Facility,Defense,https://www.navsea.navy.mil/home/shipyards/psns-imf/,Engineering Services,Karen Coffman,karen.k.coffman.civ@us.navy.mil,Full-Time,"Entry Level Engineer, Shipyard Engineer","Entry Level Engineer, Shipyard Engineer",,"Biomedical Engineering, Civil/Environmental Engineering, Computer Engineering, Construction Engineering, Electrical Engineering, General Engineering, Materials Science & Engineering, Mechanical Engineering","Biomedical Engineering, Civil Engineering, Civil Engineering BS, Civil Engineering, MEngr, Civil Engineering, MS, Computer Engineering, MEngr, Computer Engineering, MS, Computer Systems Engr BS, Construction Management, Construction Mgmt BS, Electrical & Computer Engr MS, Electrical&Computer Engr, PhD, Electrical & Computer MEngr, Electrical Engineering, Electrical Engineering BS, Electrical Engineering, MEngr, Electrical Engineering, MS, Engineering, Engineering Bs, Engineering Undeclared, Materials Science & Engr, Materials Science & Engr BS, Materials Science & Engr, MS, Materials Science & Engr, PhD, Materials Sci & Engr, MEngr, Mechanical Engineering, Mechanical Engineering BS, Mechanical Engineering, MEngr, Mechanical Engineering, MS, Pre-Engineering, Pre-Mechanical Engineering",Job,"Junior, Senior, Masters",TRUE,FALSE,FALSE,0,1
Quality Electric,Construction,https://qeidaho.com/,,Vince Korell,vincek@qeidaho.com,Full-Time,,"Project Manager, Project Admin,  Drafter",,,,Job,"Junior, Senior, Alumni",TRUE,TRUE,TRUE,0,0
Quanta Infrastructure Solutions Group,Engineering & Construction,https://quantaisg.com/,,Madeline Cooke,madeline.cooke@quantaisg.com,Full-Time,,"Design Engineers, Assistant Project Managers",,"Civil/Environmental Engineering, Electrical Engineering, Mechanical Engineering","Civil Engineering, Civil Engineering BS, Civil Engineering, MEngr, Civil Engineering, MS, Electrical & Computer Engr MS, Electrical&Computer Engr, PhD, Electrical & Computer MEngr, Electrical Engineering, Electrical Engineering BS, Electrical Engineering, MEngr, Electrical Engineering, MS, Mechanical Engineering, Mechanical Engineering BS, Mechanical Engineering, MEngr, Mechanical Engineering, MS, Pre-Mechanical Engineering","Job, Internship","Junior, Senior, Alumni",TRUE,FALSE,FALSE,0,0
"Record Steel and Construction, Inc dba RSCI",Other Industries,http://WWW.rscigroup.com,,Lauren Jared,laurenjared@rscigroup.com,,,None,,"Civil/Environmental Engineering, Computer Systems Networking & Telecommunications, Construction Engineering, Electrical Engineering, Materials Science & Engineering, Mechanical Engineering","Civil Engineering, Civil Engineering BS, Civil Engineering, MEngr, Civil Engineering, MS, Computer Systems Engr BS, Construction Management, Construction Mgmt BS, Electrical & Computer Engr MS, Electrical&Computer Engr, PhD, Electrical & Computer MEngr, Electrical Engineering, Electrical Engineering BS, Electrical Engineering, MEngr, Electrical Engineering, MS, Materials Science & Engr, Materials Science & Engr BS, Materials Science & Engr, MS, Materials Science & Engr, PhD, Materials Sci & Engr, MEngr, Mechanical Engineering, Mechanical Engineering BS, Mechanical Engineering, MEngr, Mechanical Engineering, MS, Pre-Mechanical Engineering","Job, Internship",,TRUE,TRUE,TRUE,0,0
"RH2 Engineering, Inc.",Civil Engineering,http://www.rh2.com,,Liza Spooner,lspooner@rh2.com,Full-Time,,None,,"Civil/Environmental Engineering, Electrical Engineering, Mechanical Engineering","Civil Engineering, Civil Engineering BS, Civil Engineering, MEngr, Civil Engineering, MS, Electrical & Computer Engr MS, Electrical&Computer Engr, PhD, Electrical & Computer MEngr, Electrical Engineering, Electrical Engineering BS, Electrical Engineering, MEngr, Electrical Engineering, MS, Mechanical Engineering, Mechanical Engineering BS, Mechanical Engineering, MEngr, Mechanical Engineering, MS, Pre-Mechanical Engineering","Job, Internship",,TRUE,FALSE,FALSE,0,0
"RTM Engineering Consultants, LLC",Engineering & Construction,https://rtmec.com/,,Dorrie McDonald,doloress.mcdonald@rtmassociates.com,"Full-Time, Part-Time","Civil Engineer I, Design Engineer, Project (Civil) Internship, Electrical Engineer I, Mechanical Engineer I, Project (MEP) internship, Project (Structural) Internship","Civil Engineer I, Design Engineer, Project (Civil) Internship, Electrical Engineer I, Mechanical Engineer I, Project (MEP) internship, Project (Structural) Internship",,"Civil/Environmental Engineering, Electrical Engineering, Mechanical Engineering","Civil Engineering, Civil Engineering BS, Civil Engineering, MEngr, Civil Engineering, MS, Electrical & Computer Engr MS, Electrical&Computer Engr, PhD, Electrical & Computer MEngr, Electrical Engineering, Electrical Engineering BS, Electrical Engineering, MEngr, Electrical Engineering, MS, Mechanical Engineering, Mechanical Engineering BS, Mechanical Engineering, MEngr, Mechanical Engineering, MS, Pre-Mechanical Engineering","Job, Internship","Junior, Senior, Alumni",TRUE,TRUE,TRUE,0,0
Schweitzer Engineering Laboratories,Electronic & Computer Hardware,http://www.selinc.com,,Jennifer White,internships@selinc.com,"Full-Time, Part-Time",,"Engineering Intern, Associate Engineer, Associate Application Engineer",,"Computer Engineering, Computer Science, Electrical Engineering","Artificial Intelligence Sci BS, Computer Engineering, MEngr, Computer Engineering, MS, Computer Science BS, Computer Science, MS, Computer Systems Engr BS, Computing PhD, Electrical & Computer Engr MS, Electrical&Computer Engr, PhD, Electrical & Computer MEngr, Electrical Engineering, Electrical Engineering BS, Electrical Engineering, MEngr, Electrical Engineering, MS","Job, Internship","Sophomore, Junior, Senior, Masters",TRUE,TRUE,TRUE,1,0
SEMICS Inc,Engineering & Construction,http://www.semics.com,Field Servie Application Engineer,Destiny Hicks,destinyhicks@semics.com,Full-Time,Field Application & Service Engineer,Field Application & Service Engineer,,,,Job,"Senior, Masters, Masters of Business Administration, Alumni",TRUE,FALSE,FALSE,0,2
Sletten Companies,Construction,http://www.slettencompanies.com,,Michelle Cohens,mcohens@sletteninc.com,,,None,,"Civil/Environmental Engineering, Construction Engineering, Mechanical Engineering","Civil Engineering, Civil Engineering BS, Civil Engineering, MEngr, Civil Engineering, MS, Construction Management, Construction Mgmt BS, Mechanical Engineering, Mechanical Engineering BS, Mechanical Engineering, MEngr, Mechanical Engineering, MS, Pre-Mechanical Engineering",Internship,"Freshman, Sophomore, Junior, Senior",TRUE,TRUE,TRUE,1,0
Southland Industries,Engineering & Construction,https://southlandind.com/,Northwest,kristen Conley,kconley@southlandind.com,"Full-Time, Part-Time",,None,,"Biomedical Engineering, Civil/Environmental Engineering, Computer Engineering, Construction Engineering, Electrical Engineering, General Engineering, Materials Science & Engineering, Mechanical Engineering","Biomedical Engineering, Civil Engineering, Civil Engineering BS, Civil Engineering, MEngr, Civil Engineering, MS, Computer Engineering, MEngr, Computer Engineering, MS, Computer Systems Engr BS, Construction Management, Construction Mgmt BS, Electrical & Computer Engr MS, Electrical&Computer Engr, PhD, Electrical & Computer MEngr, Electrical Engineering, Electrical Engineering BS, Electrical Engineering, MEngr, Electrical Engineering, MS, Engineering, Engineering Bs, Engineering Undeclared, Materials Science & Engr, Materials Science & Engr BS, Materials Science & Engr, MS, Materials Science & Engr, PhD, Materials Sci & Engr, MEngr, Mechanical Engineering, Mechanical Engineering BS, Mechanical Engineering, MEngr, Mechanical Engineering, MS, Pre-Engineering, Pre-Mechanical Engineering",Internship,"Sophomore, Junior, Senior, Masters",TRUE,TRUE,FALSE,1,1
SSOE Group,Architecture and Planning,http://www.ssoe.com,,Terrance Lockett,tlockett@ssoe.com,Full-Time,,None,,"Civil/Environmental Engineering, Electrical Engineering, Mechanical Engineering","Civil Engineering, Civil Engineering BS, Civil Engineering, MEngr, Civil Engineering, MS, Electrical & Computer Engr MS, Electrical&Computer Engr, PhD, Electrical & Computer MEngr, Electrical Engineering, Electrical Engineering BS, Electrical Engineering, MEngr, Electrical Engineering, MS, Mechanical Engineering, Mechanical Engineering BS, Mechanical Engineering, MEngr, Mechanical Engineering, MS, Pre-Mechanical Engineering","Internship, Cooperative Education","Sophomore, Junior, Senior, Masters, Alumni",TRUE,FALSE,FALSE,0,0
Stantec,Architecture and Planning,https://www.stantec.com/en,,Stantec TA Future Talent Team .,stncampusrecruiting@stantec.com,"Full-Time, Part-Time",,Intern & Full-time,,"Civil/Environmental Engineering, Electrical Engineering, Mechanical Engineering","Civil Engineering, Civil Engineering BS, Civil Engineering, MEngr, Civil Engineering, MS, Electrical & Computer Engr MS, Electrical&Computer Engr, PhD, Electrical & Computer MEngr, Electrical Engineering, Electrical Engineering BS, Electrical Engineering, MEngr, Electrical Engineering, MS, Mechanical Engineering, Mechanical Engineering BS, Mechanical Engineering, MEngr, Mechanical Engineering, MS, Pre-Mechanical Engineering","Job, Internship","Sophomore, Junior, Senior, Alumni",TRUE,TRUE,TRUE,0,0
Tamarack Grove Engineering,Civil Engineering,http://www.tamarackgrove.com,,Duncan Robertson,duncan.robertson@tamarackgrove.com,Full-Time,,None,,,,"Job, Internship","Junior, Senior, Masters, Alumni",TRUE,TRUE,TRUE,0,0
TD&H Engineering,Civil Engineering,http://www.tdhengineering.com,,Laurine Logerwell,laurine.logerwell@tdhengineering.com,"Full-Time, Part-Time",,"Civil, structural, electrical, geotechnical, mechanical, and environmental engineering",,,,"Job, Internship","Sophomore, Junior, Senior, Masters, Masters of Business Administration, Doctorate",TRUE,FALSE,TRUE,0,0
Teach For America,Non-Profit - Other,http://www.teachforamerica.org,,Bridget Gaitor,bridget.gaitor@teachforamerica.org,"Full-Time, Part-Time","TFA Ignite Tutoring Fellow (Virtual, Part-Time, All Majors Welcome), Teach, Lead, and Launch Your Career, All Majors Welcome","TFA Ignite Tutoring Fellow (Virtual, Part-Time, All Majors Welcome), Teach, Lead, and Launch Your Career, All Majors Welcome",,"Biomedical Engineering, Chemistry, Civil/Environmental Engineering, Computer Engineering, Computer Programming, Computer Science, Computer Systems Networking & Telecommunications, Construction Engineering, Cyber Security, Data Science, Electrical Engineering, General Engineering, Information Systems Management, Materials Science & Engineering, Mathematics, Mechanical Engineering, Physics, Software Design","Applied Mathematics BS, Artificial Intelligence Sci BS, Bachelor of Applied Science, Bach of Applied Science-Online, Biomedical Engineering, Chemistry BS, Chemistry, MS, Chemistry, Secondary Education, Civil Engineering, Civil Engineering BS, Civil Engineering, MEngr, Civil Engineering, MS, Computer Engineering, MEngr, Computer Engineering, MS, Computer Science BS, Computer Science, MS, Computer Systems Engr BS, Computing PhD, Construction Management, Construction Mgmt BS, Cyber Analyst GR Cert-Onl, Cyber Operations BAS-Online, Cyber Operations BS-Online, Cyber Operations MS-Online, Cyber Operations & Resilience, Cyber Resilience GR Cert-Onl, Cybersecurity MS, Data Science MS, Education, Mathematics MA, Electrical & Computer Engr MS, Electrical&Computer Engr, PhD, Electrical & Computer MEngr, Electrical Engineering, Electrical Engineering BS, Electrical Engineering, MEngr, Electrical Engineering, MS, Engineering, Engineering Bs, Engineering Undeclared, Geophysics BS, Geophysics, MS, Geophysics, PhD, Information Tech Mgmt BBA, Information Technology Mgmt BS, Materials Science & Engr, Materials Science & Engr BS, Materials Science & Engr, MS, Materials Science & Engr, PhD, Materials Sci & Engr, MEngr, Mathematics, Mathematics BA, Mathematics BS, Mathematics Education, MS, Mathematics, MS, Mathematics, Secondary Ed BA, Mathematics, Secondary Educ BS, Mechanical Engineering, Mechanical Engineering BS, Mechanical Engineering, MEngr, Mechanical Engineering, MS, Middle School Math Teaching En, Physics BS, Physics, Secondary Education, Pre-Bachelor of Applied Scienc, Pre-Bach of Applied Sci-Online, Pre-Engineering, Pre-Mechanical Engineering, Sciences & Math-Undeclared, Sec Education, Chemistry","Job, Internship, Fellowship","Freshman, Sophomore, Junior, Senior, Masters",TRUE,FALSE,FALSE,0,0
The Land Group,Architecture and Planning,http://www.thelandgroupinc.com/,,Tryston Calder,tcalder@thelandgroupinc.com,Full-Time,,Civil Engineer,,Civil/Environmental Engineering,"Civil Engineering, Civil Engineering BS, Civil Engineering, MEngr, Civil Engineering, MS",Job,Senior,TRUE,FALSE,FALSE,0,0
"Tokyo Electron U.S. Holdings, Inc. (TEL)",Manufacturing,http://www.tel.com,RESUME COLLECT,Tokyo Electron,careers@us.tel.com,Full-Time,,None,,,,"Job, Internship, Cooperative Education","Sophomore, Junior, Senior, Masters, Masters of Business Administration, Doctorate, Postdoctoral Studies, Certificate Program, First Year Community / Technical College, Second Year Community / Technical College, Alumni",TRUE,FALSE,FALSE,0,0
Trinity Consultants,Environmental Services,http://www.trinityconsultants.com,,Chantel Campbell,ccampbell@trinityconsultants.com,Full-Time,"Environmental Engineering Consultant- Boise, ID","Environmental Engineering Consultant- Boise, ID",,"Civil/Environmental Engineering, Materials Science & Engineering, Mechanical Engineering","Civil Engineering, Civil Engineering BS, Civil Engineering, MEngr, Civil Engineering, MS, Materials Science & Engr, Materials Science & Engr BS, Materials Science & Engr, MS, Materials Science & Engr, PhD, Materials Sci & Engr, MEngr, Mechanical Engineering, Mechanical Engineering BS, Mechanical Engineering, MEngr, Mechanical Engineering, MS, Pre-Mechanical Engineering","Job, Internship","Junior, Senior, Masters, Alumni",TRUE,FALSE,FALSE,0,0
U.S. Department of State,"Government - Local, State & Federal",https://careers.state.gov,Bureau of Diplomatic Security,DSS Recruitment,dssrecruitmentevents@state.gov,Full-Time,Diplomatic Security Special Agent,Diplomatic Security Special Agent,,,,Job,"Freshman, Sophomore, Junior, Senior, Masters, Masters of Business Administration, Doctorate",FALSE,FALSE,FALSE,0,0
U.S. Navy,"Government - Local, State & Federal",https://www.navy.com/,NUPOC,James Riley,james.m.riley1.mil@us.navy.mil,"Full-Time, Part-Time","Nuclear Propulsion Officer Candidate (NUPOC) Program $30,000 Bonus Potential to Earn $200,000 While a Student, Surface Warfare Officer, Enlisted Opportunity, Oceanography Officer, Supply Corps Officer","Nuclear Propulsion Officer Candidate (NUPOC) Program $30,000 Bonus Potential to Earn $200,000 While a Student, Surface Warfare Officer, Enlisted Opportunity, Oceanography Officer, Supply Corps Officer",,,,"Job, Internship","Freshman, Sophomore, Junior, Senior, Masters, Masters of Business Administration, Doctorate, Postdoctoral Studies, Certificate Program, First Year Community / Technical College, Second Year Community / Technical College, Alumni",TRUE,FALSE,FALSE,2,2
Ulteig,Utilities and Renewable Energy,http://www.ulteig.com/,,Nichole Dyer,careers@ulteig.com,Full-Time,,None,,,,"Job, Internship","Junior, Senior, Masters",TRUE,FALSE,FALSE,0,0
"University of Washington, Foster School of Business",Higher Education,https://foster.uw.edu/,,Ian Brumbaugh,brumbai@uw.edu,Full-Time,,None,,,,Graduate School,,FALSE,FALSE,FALSE,0,0
"Vector Structural Engineering, LLC",Civil Engineering,http://www.vectorse.com,,Kyle Atwood,kyle.atwood@vectorse.com,"Full-Time, Part-Time",,None,,,,"Job, Internship","Junior, Senior, Masters, Doctorate",FALSE,FALSE,FALSE,0,0
Vertiv,Manufacturing,http://www.vertiv.com,Electrical Reliability Services,Kirk Butler,kirk.butler@vertiv.com,Full-Time,,ERS Electrical Technician,,,,Job,"Senior, Masters",TRUE,FALSE,FALSE,0,0
Visual Concepts,Internet & Software,https://vcentertainment.com/,,Weena Eisley,weisley@vcentertainment.com,Full-Time,,"Engineering Intern, Associate Engineer",,"Computer Programming, Computer Science, Electrical Engineering","Artificial Intelligence Sci BS, Computer Engineering, MEngr, Computer Engineering, MS, Computer Science BS, Computer Science, MS, Computing PhD, Electrical & Computer Engr MS, Electrical&Computer Engr, PhD, Electrical & Computer MEngr, Electrical Engineering, Electrical Engineering BS, Electrical Engineering, MEngr, Electrical Engineering, MS","Job, Internship","Sophomore, Junior, Senior, Masters, Doctorate, Postdoctoral Studies, Alumni",TRUE,TRUE,TRUE,1,1
Washington State Department of Transportation,"Government - Local, State & Federal",http://wsdotjobs.com,,Amanda Strebeck,strebal@wsdot.wa.gov,Full-Time,,None,,,,"Job, Internship","Sophomore, Junior, Senior, Masters",TRUE,FALSE,TRUE,0,0
"Wright Brothers, The Building Company, Eagle LLC",Construction,https://wbnation.com/,,Samantha Tallman,hiring@wbnation.com,"Full-Time, Part-Time",,"Interns, Construction Project Engineers ",,,,"Job, Internship",,FALSE,FALSE,FALSE,0,0
"WSB & Associates, Inc.",Civil Engineering,http://www.wsbeng.com,,Cameron Torres,cameron.torres@wsbeng.com,Full-Time,,None,,"Civil/Environmental Engineering, Construction Engineering, Electrical Engineering, General Engineering, Materials Science & Engineering, Mechanical Engineering","Civil Engineering, Civil Engineering BS, Civil Engineering, MEngr, Civil Engineering, MS, Computer Engineering, MEngr, Computer Engineering, MS, Construction Management, Construction Mgmt BS, Electrical & Computer Engr MS, Electrical&Computer Engr, PhD, Electrical & Computer MEngr, Electrical Engineering, Electrical Engineering BS, Electrical Engineering, MEngr, Electrical Engineering, MS, Engineering, Engineering Bs, Engineering Undeclared, Materials Science & Engr, Materials Science & Engr BS, Materials Science & Engr, MS, Materials Science & Engr, PhD, Materials Sci & Engr, MEngr, Mechanical Engineering, Mechanical Engineering BS, Mechanical Engineering, MEngr, Mechanical Engineering, MS, Pre-Engineering, Pre-Mechanical Engineering",Internship,"Junior, Senior, Masters",TRUE,FALSE,FALSE,0,0
WSP,Engineering & Construction,https://www.wsp.com/en-us,,Emily Campbell,emily.campbell@wsp.com,Full-Time,,None,,"Civil/Environmental Engineering, Construction Engineering, Electrical Engineering, Materials Science & Engineering, Mechanical Engineering","Civil Engineering, Civil Engineering BS, Civil Engineering, MEngr, Civil Engineering, MS, Construction Management, Construction Mgmt BS, Electrical & Computer Engr MS, Electrical&Computer Engr, PhD, Electrical & Computer MEngr, Electrical Engineering, Electrical Engineering BS, Electrical Engineering, MEngr, Electrical Engineering, MS, Materials Science & Engr, Materials Science & Engr BS, Materials Science & Engr, MS, Materials Science & Engr, PhD, Materials Sci & Engr, MEngr, Mechanical Engineering, Mechanical Engineering BS, Mechanical Engineering, MEngr, Mechanical Engineering, MS, Pre-Mechanical Engineering","Job, Internship","Freshman, Sophomore, Junior, Senior, Masters, Alumni",TRUE,TRUE,TRUE,0,0